<metadata xml:lang="en"><Esri><CreaDate>20190531</CreaDate><CreaTime>11165800</CreaTime><ArcGISFormat>1.0</ArcGISFormat><SyncOnce>FALSE</SyncOnce><DataProperties><lineage><Process ToolSource="c:\program files\arcgis\pro\Resources\ArcToolbox\Toolboxes\Data Management Tools.tbx\CreateFeatureclass" Date="20190531" Time="111658">CreateFeatureclass C:\ESRIPress\GIST3_Instructor\Data\MyProject\LandRecords.gdb\PropertyData Parcels Polygon # No No "PROJCS['NAD_1983_2011_StatePlane_Texas_North_Central_FIPS_4202_FtUS',GEOGCS['GCS_NAD_1983_2011',DATUM['D_NAD_1983_2011',SPHEROID['GRS_1980',6378137.0,298.257222101]],PRIMEM['Greenwich',0.0],UNIT['Degree',0.0174532925199433]],PROJECTION['Lambert_Conformal_Conic'],PARAMETER['False_Easting',1968500.0],PARAMETER['False_Northing',6561666.666666666],PARAMETER['Central_Meridian',-98.5],PARAMETER['Standard_Parallel_1',32.13333333333333],PARAMETER['Standard_Parallel_2',33.96666666666667],PARAMETER['Latitude_Of_Origin',31.66666666666667],UNIT['Foot_US',0.3048006096012192]];-123407700 -86123500 3048.00609601219;-100000 10000;-100000 10000;3.28083333333333E-03;0.001;0.001;IsHighPrecision" # # # # "Subdivision Name"</Process><Process ToolSource="c:\program files\arcgis\pro\Resources\ArcToolbox\Toolboxes\Data Management Tools.tbx\AddField" Date="20190531" Time="111659">AddField C:\ESRIPress\GIST3_Instructor\Data\MyProject\LandRecords.gdb\PropertyData\Parcels SubName Text # # 255 "Subdivision Name" NON_NULLABLE NON_REQUIRED #</Process><Process ToolSource="c:\program files\arcgis\pro\Resources\ArcToolbox\Toolboxes\Data Management Tools.tbx\AddField" Date="20190531" Time="111700">AddField C:\ESRIPress\GIST3_Instructor\Data\MyProject\LandRecords.gdb\PropertyData\Parcels BLK Text # # 255 "Block Design" NON_NULLABLE NON_REQUIRED #</Process><Process ToolSource="c:\program files\arcgis\pro\Resources\ArcToolbox\Toolboxes\Data Management Tools.tbx\AddField" Date="20190531" Time="111701">AddField C:\ESRIPress\GIST3_Instructor\Data\MyProject\LandRecords.gdb\PropertyData\Parcels LotNo Text # # 255 "Lot Number" NON_NULLABLE NON_REQUIRED #</Process><Process ToolSource="c:\program files\arcgis\pro\Resources\ArcToolbox\Toolboxes\Data Management Tools.tbx\AddField" Date="20190531" Time="111702">AddField C:\ESRIPress\GIST3_Instructor\Data\MyProject\LandRecords.gdb\PropertyData\Parcels Pre_Type Text # # 255 # NULLABLE NON_REQUIRED #</Process><Process ToolSource="c:\program files\arcgis\pro\Resources\ArcToolbox\Toolboxes\Data Management Tools.tbx\AddField" Date="20190531" Time="111703">AddField C:\ESRIPress\GIST3_Instructor\Data\MyProject\LandRecords.gdb\PropertyData\Parcels Pre_Dir Text # # 255 # NULLABLE NON_REQUIRED #</Process><Process ToolSource="c:\program files\arcgis\pro\Resources\ArcToolbox\Toolboxes\Data Management Tools.tbx\AddField" Date="20190531" Time="111704">AddField C:\ESRIPress\GIST3_Instructor\Data\MyProject\LandRecords.gdb\PropertyData\Parcels House_Num Text # # 255 # NULLABLE NON_REQUIRED #</Process><Process ToolSource="c:\program files\arcgis\pro\Resources\ArcToolbox\Toolboxes\Data Management Tools.tbx\AddField" Date="20190531" Time="111705">AddField C:\ESRIPress\GIST3_Instructor\Data\MyProject\LandRecords.gdb\PropertyData\Parcels Street_Name Text # # 255 "Street Name" NON_NULLABLE NON_REQUIRED #</Process><Process ToolSource="c:\program files\arcgis\pro\Resources\ArcToolbox\Toolboxes\Data Management Tools.tbx\AddField" Date="20190531" Time="111706">AddField C:\ESRIPress\GIST3_Instructor\Data\MyProject\LandRecords.gdb\PropertyData\Parcels Street_Type Text # # 255 "Street Type" NON_NULLABLE NON_REQUIRED #</Process><Process ToolSource="c:\program files\arcgis\pro\Resources\ArcToolbox\Toolboxes\Data Management Tools.tbx\AddField" Date="20190531" Time="111707">AddField C:\ESRIPress\GIST3_Instructor\Data\MyProject\LandRecords.gdb\PropertyData\Parcels Suffix_Dir Text # # 255 # NULLABLE NON_REQUIRED #</Process><Process ToolSource="c:\program files\arcgis\pro\Resources\ArcToolbox\Toolboxes\Data Management Tools.tbx\AddField" Date="20190531" Time="111708">AddField C:\ESRIPress\GIST3_Instructor\Data\MyProject\LandRecords.gdb\PropertyData\Parcels ZIPCODE "Long (large integer)" # # 255 "ZIP Code" NON_NULLABLE NON_REQUIRED #</Process><Process ToolSource="c:\program files\arcgis\pro\Resources\ArcToolbox\Toolboxes\Data Management Tools.tbx\AddField" Date="20190531" Time="111709">AddField C:\ESRIPress\GIST3_Instructor\Data\MyProject\LandRecords.gdb\PropertyData\Parcels UseCode Text # # 255 "Land Use Code" NON_NULLABLE NON_REQUIRED #</Process><Process ToolSource="c:\program files\arcgis\pro\Resources\ArcToolbox\Toolboxes\Data Management Tools.tbx\AddField" Date="20190531" Time="111710">AddField C:\ESRIPress\GIST3_Instructor\Data\MyProject\LandRecords.gdb\PropertyData\Parcels Georeference Text # # 255 Georeference NON_NULLABLE NON_REQUIRED #</Process><Process ToolSource="c:\program files\arcgis\pro\Resources\ArcToolbox\Toolboxes\Data Management Tools.tbx\AddField" Date="20190531" Time="111711">AddField C:\ESRIPress\GIST3_Instructor\Data\MyProject\LandRecords.gdb\PropertyData\Parcels PlatStatus "Short (small integer)" # # 255 "Plat Status" NON_NULLABLE NON_REQUIRED #</Process><Process ToolSource="c:\program files\arcgis\pro\Resources\ArcToolbox\Toolboxes\Data Management Tools.tbx\EnableEditorTracking" Date="20190531" Time="160735">EnableEditorTracking C:\ESRIPress\GIST3_Instructor\Data\MyProject\LandRecords.gdb\PropertyData\Parcels created_user created_date last_edited_user last_edited_date ADD_FIELDS "UTC (Coordinated Universal Time)"</Process><Process ToolSource="c:\program files\arcgis\pro\Resources\ArcToolbox\toolboxes\Data Management Tools.tbx\UpdateSchema" Date="20190603" Time="091420">UpdateSchema "CIMDATA=&lt;CIMFeatureDatasetDataConnection xsi:type='typens:CIMFeatureDatasetDataConnection' xmlns:xsi='http://www.w3.org/2001/XMLSchema-instance' xmlns:xs='http://www.w3.org/2001/XMLSchema' xmlns:typens='http://www.esri.com/schemas/ArcGIS/2.3.0'&gt;&lt;FeatureDataset&gt;PropertyData&lt;/FeatureDataset&gt;&lt;WorkspaceConnectionString&gt;DATABASE=C:\ESRIPress\GIST3_Instructor\Data\MyProject\LandRecords.gdb&lt;/WorkspaceConnectionString&gt;&lt;WorkspaceFactory&gt;FileGDB&lt;/WorkspaceFactory&gt;&lt;Dataset&gt;Parcels&lt;/Dataset&gt;&lt;DatasetType&gt;esriDTFeatureClass&lt;/DatasetType&gt;&lt;/CIMFeatureDatasetDataConnection&gt;" &lt;operationSequence&gt;&lt;workflow&gt;&lt;AssignDomainToField&gt;&lt;field_name&gt;Street_Type&lt;/field_name&gt;&lt;domain_name&gt;StTypeAbbrv&lt;/domain_name&gt;&lt;/AssignDomainToField&gt;&lt;/workflow&gt;&lt;workflow&gt;&lt;AssignDomainToField&gt;&lt;field_name&gt;UseCode&lt;/field_name&gt;&lt;domain_name&gt;ParcelUseCodes&lt;/domain_name&gt;&lt;/AssignDomainToField&gt;&lt;/workflow&gt;&lt;/operationSequence&gt;</Process><Process ToolSource="c:\program files\arcgis\pro\Resources\ArcToolbox\toolboxes\Data Management Tools.tbx\UpdateSchema" Date="20190603" Time="092033">UpdateSchema C:\ESRIPress\GIST3_Instructor\Data\MyProject\LandRecords.gdb\PropertyData\Parcels "&lt;operationSequence&gt;&lt;workflow&gt;&lt;AssignDefaultToField&gt;&lt;field_name&gt;PlatStatus&lt;/field_name&gt;&lt;default_value&gt;1&lt;/default_value&gt;&lt;/AssignDefaultToField&gt;&lt;/workflow&gt;&lt;workflow&gt;&lt;SetSubtypeField&gt;&lt;field_name&gt;PlatStatus&lt;/field_name&gt;&lt;/SetSubtypeField&gt;&lt;/workflow&gt;&lt;workflow&gt;&lt;AddSubtype&gt;&lt;subtype_code&gt;1&lt;/subtype_code&gt;&lt;subtype_description&gt;Platted Property&lt;/subtype_description&gt;&lt;/AddSubtype&gt;&lt;/workflow&gt;&lt;workflow&gt;&lt;AddSubtype&gt;&lt;subtype_code&gt;2&lt;/subtype_code&gt;&lt;subtype_description&gt;Unplatted Property&lt;/subtype_description&gt;&lt;/AddSubtype&gt;&lt;/workflow&gt;&lt;workflow&gt;&lt;AddSubtype&gt;&lt;subtype_code&gt;3&lt;/subtype_code&gt;&lt;subtype_description&gt;Plat Pending&lt;/subtype_description&gt;&lt;/AddSubtype&gt;&lt;/workflow&gt;&lt;workflow&gt;&lt;SetDefaultSubtype&gt;&lt;subtype_code&gt;1&lt;/subtype_code&gt;&lt;/SetDefaultSubtype&gt;&lt;/workflow&gt;&lt;/operationSequence&gt;"</Process><Process ToolSource="c:\program files\arcgis\pro\Resources\ArcToolbox\toolboxes\Data Management Tools.tbx\UpdateSchema" Date="20190603" Time="100429">UpdateSchema "CIMDATA=&lt;CIMFeatureDatasetDataConnection xsi:type='typens:CIMFeatureDatasetDataConnection' xmlns:xsi='http://www.w3.org/2001/XMLSchema-instance' xmlns:xs='http://www.w3.org/2001/XMLSchema' xmlns:typens='http://www.esri.com/schemas/ArcGIS/2.3.0'&gt;&lt;FeatureDataset&gt;PropertyData&lt;/FeatureDataset&gt;&lt;WorkspaceConnectionString&gt;DATABASE=C:\ESRIPress\GIST3_Instructor\Data\MyProject\LandRecords.gdb&lt;/WorkspaceConnectionString&gt;&lt;WorkspaceFactory&gt;FileGDB&lt;/WorkspaceFactory&gt;&lt;Dataset&gt;Parcels&lt;/Dataset&gt;&lt;DatasetType&gt;esriDTFeatureClass&lt;/DatasetType&gt;&lt;/CIMFeatureDatasetDataConnection&gt;" "&lt;operationSequence&gt;&lt;workflow&gt;&lt;AddField&gt;&lt;field_name&gt;PercentOwn&lt;/field_name&gt;&lt;field_type&gt;FLOAT&lt;/field_type&gt;&lt;field_alias&gt;Percentage Owned&lt;/field_alias&gt;&lt;field_is_nullable&gt;True&lt;/field_is_nullable&gt;&lt;field_is_required&gt;False&lt;/field_is_required&gt;&lt;field_default_value&gt;100&lt;/field_default_value&gt;&lt;/AddField&gt;&lt;/workflow&gt;&lt;/operationSequence&gt;"</Process><Process ToolSource="c:\program files\arcgis\pro\Resources\ArcToolbox\toolboxes\Data Management Tools.tbx\Append" Date="20190603" Time="152059">Append C:\ESRIPress\GIST3_Instructor\Data\ParcelSource.shp C:\ESRIPress\GIST3_Instructor\Data\MyProject\LandRecords.gdb\PropertyData\Parcels "Use the Field Map to reconcile schema differences" "SubName "Subdivision Name" true false false 255 Text 0 0,First,#,C:\ESRIPress\GIST3_Instructor\Data\ParcelSource.shp,Prop_Des_1,0,254;BLK "Block Design" true false false 255 Text 0 0,First,#,C:\ESRIPress\GIST3_Instructor\Data\ParcelSource.shp,BlkNo,0,254;LotNo "Lot Number" true false false 255 Text 0 0,First,#,C:\ESRIPress\GIST3_Instructor\Data\ParcelSource.shp,Lotno,0,254;Pre_Type "Pre_Type" true true false 255 Text 0 0,First,#;Pre_Dir "Pre_Dir" true true false 255 Text 0 0,First,#,C:\ESRIPress\GIST3_Instructor\Data\ParcelSource.shp,Prefix,0,254;House_Num "House_Num" true true false 255 Text 0 0,First,#,C:\ESRIPress\GIST3_Instructor\Data\ParcelSource.shp,Addno,-1,-1;Street_Name "Street Name" true false false 255 Text 0 0,First,#,C:\ESRIPress\GIST3_Instructor\Data\ParcelSource.shp,StName,0,254;Street_Type "Street Type" true false false 255 Text 0 0,First,#,C:\ESRIPress\GIST3_Instructor\Data\ParcelSource.shp,Suffix,0,254;Suffix_Dir "Suffix_Dir" true true false 255 Text 0 0,First,#,C:\ESRIPress\GIST3_Instructor\Data\ParcelSource.shp,SufDir,0,254;ZIPCODE "ZIP Code" true false false 4 Long 0 0,First,#;UseCode "Land Use Code" true false false 255 Text 0 0,First,#,C:\ESRIPress\GIST3_Instructor\Data\ParcelSource.shp,UseCode,0,254;Georeference "Georeference" true false false 255 Text 0 0,First,#,C:\ESRIPress\GIST3_Instructor\Data\ParcelSource.shp,GeoReferen,0,254;PlatStatus "Plat Status" true false false 2 Short 0 0,First,#,C:\ESRIPress\GIST3_Instructor\Data\ParcelSource.shp,PlatStatus,-1,-1;PercentOwn "Percentage Owned" true true false 4 Float 0 0,First,#" "Platted Property" #</Process><Process ToolSource="c:\program files\arcgis\pro\Resources\ArcToolbox\toolboxes\Data Management Tools.tbx\Append" Date="20190603" Time="153218">Append C:\ESRIPress\GIST3_Instructor\Data\ParcelSource.shp C:\ESRIPress\GIST3_Instructor\Data\MyProject\LandRecords.gdb\PropertyData\Parcels "Use the Field Map to reconcile schema differences" "SubName "Subdivision Name" true false false 255 Text 0 0,First,#,C:\ESRIPress\GIST3_Instructor\Data\ParcelSource.shp,Prop_Des_1,0,254;BLK "Block Design" true false false 255 Text 0 0,First,#,C:\ESRIPress\GIST3_Instructor\Data\ParcelSource.shp,BlkNo,0,254;LotNo "Lot Number" true false false 255 Text 0 0,First,#,C:\ESRIPress\GIST3_Instructor\Data\ParcelSource.shp,Lotno,0,254;Pre_Type "Pre_Type" true true false 255 Text 0 0,First,#;Pre_Dir "Pre_Dir" true true false 255 Text 0 0,First,#,C:\ESRIPress\GIST3_Instructor\Data\ParcelSource.shp,Prefix,0,254;House_Num "House_Num" true true false 255 Text 0 0,First,#,C:\ESRIPress\GIST3_Instructor\Data\ParcelSource.shp,Addno,-1,-1;Street_Name "Street Name" true false false 255 Text 0 0,First,#,C:\ESRIPress\GIST3_Instructor\Data\ParcelSource.shp,StName,0,254;Street_Type "Street Type" true false false 255 Text 0 0,First,#,C:\ESRIPress\GIST3_Instructor\Data\ParcelSource.shp,Suffix,0,254;Suffix_Dir "Suffix_Dir" true true false 255 Text 0 0,First,#,C:\ESRIPress\GIST3_Instructor\Data\ParcelSource.shp,SufDir,0,254;ZIPCODE "ZIP Code" true false false 4 Long 0 0,First,#;UseCode "Land Use Code" true false false 255 Text 0 0,First,#,C:\ESRIPress\GIST3_Instructor\Data\ParcelSource.shp,UseCode,0,254;Georeference "Georeference" true false false 255 Text 0 0,First,#,C:\ESRIPress\GIST3_Instructor\Data\ParcelSource.shp,GeoReferen,0,254;PlatStatus "Plat Status" true false false 2 Short 0 0,First,#,C:\ESRIPress\GIST3_Instructor\Data\ParcelSource.shp,PlatStatus,-1,-1;PercentOwn "Percentage Owned" true true false 4 Float 0 0,First,#" "Unplatted Property" #</Process><Process ToolSource="c:\program files\arcgis\pro\Resources\ArcToolbox\toolboxes\Data Management Tools.tbx\Append" Date="20190603" Time="154534">Append C:\ESRIPress\GIST3_Instructor\Data\ParcelSource.shp C:\ESRIPress\GIST3_Instructor\Data\MyProject\LandRecords.gdb\PropertyData\Parcels "Use the Field Map to reconcile schema differences" "SubName "Subdivision Name" true false false 255 Text 0 0,First,#,C:\ESRIPress\GIST3_Instructor\Data\ParcelSource.shp,Prop_Des_1,0,254;BLK "Block Design" true false false 255 Text 0 0,First,#,C:\ESRIPress\GIST3_Instructor\Data\ParcelSource.shp,BlkNo,0,254;LotNo "Lot Number" true false false 255 Text 0 0,First,#,C:\ESRIPress\GIST3_Instructor\Data\ParcelSource.shp,Lotno,0,254;Pre_Type "Pre_Type" true true false 255 Text 0 0,First,#;Pre_Dir "Pre_Dir" true true false 255 Text 0 0,First,#,C:\ESRIPress\GIST3_Instructor\Data\ParcelSource.shp,Prefix,0,254;House_Num "House_Num" true true false 255 Text 0 0,First,#,C:\ESRIPress\GIST3_Instructor\Data\ParcelSource.shp,Addno,-1,-1;Street_Name "Street Name" true false false 255 Text 0 0,First,#,C:\ESRIPress\GIST3_Instructor\Data\ParcelSource.shp,StName,0,254;Street_Type "Street Type" true false false 255 Text 0 0,First,#,C:\ESRIPress\GIST3_Instructor\Data\ParcelSource.shp,Suffix,0,254;Suffix_Dir "Suffix_Dir" true true false 255 Text 0 0,First,#,C:\ESRIPress\GIST3_Instructor\Data\ParcelSource.shp,SufDir,0,254;ZIPCODE "ZIP Code" true false false 4 Long 0 0,First,#;UseCode "Land Use Code" true false false 255 Text 0 0,First,#,C:\ESRIPress\GIST3_Instructor\Data\ParcelSource.shp,UseCode,0,254;Georeference "Georeference" true false false 255 Text 0 0,First,#,C:\ESRIPress\GIST3_Instructor\Data\ParcelSource.shp,GeoReferen,0,254;PlatStatus "Plat Status" true false false 2 Short 0 0,First,#,C:\ESRIPress\GIST3_Instructor\Data\ParcelSource.shp,PlatStatus,-1,-1;PercentOwn "Percentage Owned" true true false 4 Float 0 0,First,#" "Unplatted Property" "PlatStatus = 2"</Process><Process ToolSource="c:\program files\arcgis\pro\Resources\ArcToolbox\toolboxes\Data Management Tools.tbx\Append" Date="20190603" Time="160005">Append C:\ESRIPress\GIST3_Instructor\Data\ParcelSource.shp C:\ESRIPress\GIST3_Instructor\Data\MyProject\LandRecords.gdb\PropertyData\Parcels "Use the Field Map to reconcile schema differences" "SubName "Subdivision Name" true false false 255 Text 0 0,First,#,C:\ESRIPress\GIST3_Instructor\Data\ParcelSource.shp,Prop_Des_1,0,254;BLK "Block Design" true false false 255 Text 0 0,First,#,C:\ESRIPress\GIST3_Instructor\Data\ParcelSource.shp,BlkNo,0,254;LotNo "Lot Number" true false false 255 Text 0 0,First,#,C:\ESRIPress\GIST3_Instructor\Data\ParcelSource.shp,Lotno,0,254;Pre_Type "Pre_Type" true true false 255 Text 0 0,First,#;Pre_Dir "Pre_Dir" true true false 255 Text 0 0,First,#,C:\ESRIPress\GIST3_Instructor\Data\ParcelSource.shp,Prefix,0,254;House_Num "House_Num" true true false 255 Text 0 0,First,#,C:\ESRIPress\GIST3_Instructor\Data\ParcelSource.shp,Addno,-1,-1;Street_Name "Street Name" true false false 255 Text 0 0,First,#,C:\ESRIPress\GIST3_Instructor\Data\ParcelSource.shp,StName,0,254;Street_Type "Street Type" true false false 255 Text 0 0,First,#,C:\ESRIPress\GIST3_Instructor\Data\ParcelSource.shp,Suffix,0,254;Suffix_Dir "Suffix_Dir" true true false 255 Text 0 0,First,#,C:\ESRIPress\GIST3_Instructor\Data\ParcelSource.shp,SufDir,0,254;ZIPCODE "ZIP Code" true false false 4 Long 0 0,First,#;UseCode "Land Use Code" true false false 255 Text 0 0,First,#,C:\ESRIPress\GIST3_Instructor\Data\ParcelSource.shp,UseCode,0,254;Georeference "Georeference" true false false 255 Text 0 0,First,#,C:\ESRIPress\GIST3_Instructor\Data\ParcelSource.shp,GeoReferen,0,254;PlatStatus "Plat Status" true false false 2 Short 0 0,First,#,C:\ESRIPress\GIST3_Instructor\Data\ParcelSource.shp,PlatStatus,-1,-1;PercentOwn "Percentage Owned" true true false 4 Float 0 0,First,#" "Plat Pending" "PlatStatus = 3"</Process><Process ToolSource="c:\program files\arcgis\pro\Resources\ArcToolbox\toolboxes\Data Management Tools.tbx\RemoveSpatialIndex" Date="20190610" Time="161450">RemoveSpatialIndex "CIMDATA=&lt;CIMFeatureDatasetDataConnection xsi:type='typens:CIMFeatureDatasetDataConnection' xmlns:xsi='http://www.w3.org/2001/XMLSchema-instance' xmlns:xs='http://www.w3.org/2001/XMLSchema' xmlns:typens='http://www.esri.com/schemas/ArcGIS/2.3.0'&gt;&lt;FeatureDataset&gt;PropertyData&lt;/FeatureDataset&gt;&lt;WorkspaceConnectionString&gt;DATABASE=C:\ESRIPress\GIST3_Instructor\Data\MyProject\LandRecords.gdb&lt;/WorkspaceConnectionString&gt;&lt;WorkspaceFactory&gt;FileGDB&lt;/WorkspaceFactory&gt;&lt;Dataset&gt;Parcels&lt;/Dataset&gt;&lt;DatasetType&gt;esriDTFeatureClass&lt;/DatasetType&gt;&lt;/CIMFeatureDatasetDataConnection&gt;"</Process><Process ToolSource="c:\program files\arcgis\pro\Resources\ArcToolbox\toolboxes\Data Management Tools.tbx\AddSpatialIndex" Date="20190610" Time="161452">AddSpatialIndex "CIMDATA=&lt;CIMFeatureDatasetDataConnection xsi:type='typens:CIMFeatureDatasetDataConnection' xmlns:xsi='http://www.w3.org/2001/XMLSchema-instance' xmlns:xs='http://www.w3.org/2001/XMLSchema' xmlns:typens='http://www.esri.com/schemas/ArcGIS/2.3.0'&gt;&lt;FeatureDataset&gt;PropertyData&lt;/FeatureDataset&gt;&lt;WorkspaceConnectionString&gt;DATABASE=C:\ESRIPress\GIST3_Instructor\Data\MyProject\LandRecords.gdb&lt;/WorkspaceConnectionString&gt;&lt;WorkspaceFactory&gt;FileGDB&lt;/WorkspaceFactory&gt;&lt;Dataset&gt;Parcels&lt;/Dataset&gt;&lt;DatasetType&gt;esriDTFeatureClass&lt;/DatasetType&gt;&lt;/CIMFeatureDatasetDataConnection&gt;" 0 0 0</Process><Process ToolSource="c:\program files\arcgis\pro\Resources\ArcToolbox\toolboxes\Data Management Tools.tbx\UpdateSchema" Date="20190611" Time="103112">UpdateSchema C:\ESRIPress\GIST3_Instructor\Data\MyProject\LandRecords.gdb\PropertyData\Parcels &lt;operationSequence&gt;&lt;workflow&gt;&lt;AssignDomainToField&gt;&lt;field_name&gt;UseCode&lt;/field_name&gt;&lt;domain_name&gt;ParcelUseCodes&lt;/domain_name&gt;&lt;subtype_code&gt;1&lt;/subtype_code&gt;&lt;/AssignDomainToField&gt;&lt;/workflow&gt;&lt;/operationSequence&gt;</Process><Process ToolSource="c:\program files\arcgis\pro\Resources\ArcToolbox\toolboxes\Data Management Tools.tbx\UpdateSchema" Date="20190611" Time="103247">UpdateSchema "CIMDATA=&lt;CIMFeatureDatasetDataConnection xsi:type='typens:CIMFeatureDatasetDataConnection' xmlns:xsi='http://www.w3.org/2001/XMLSchema-instance' xmlns:xs='http://www.w3.org/2001/XMLSchema' xmlns:typens='http://www.esri.com/schemas/ArcGIS/2.3.0'&gt;&lt;FeatureDataset&gt;PropertyData&lt;/FeatureDataset&gt;&lt;WorkspaceConnectionString&gt;DATABASE=C:\ESRIPress\GIST3_Instructor\Data\MyProject\LandRecords.gdb&lt;/WorkspaceConnectionString&gt;&lt;WorkspaceFactory&gt;FileGDB&lt;/WorkspaceFactory&gt;&lt;Dataset&gt;Parcels&lt;/Dataset&gt;&lt;DatasetType&gt;esriDTFeatureClass&lt;/DatasetType&gt;&lt;/CIMFeatureDatasetDataConnection&gt;" &lt;operationSequence&gt;&lt;workflow&gt;&lt;AddField&gt;&lt;field_name&gt;Description&lt;/field_name&gt;&lt;field_type&gt;TEXT&lt;/field_type&gt;&lt;field_length&gt;255&lt;/field_length&gt;&lt;field_alias&gt;Description&lt;/field_alias&gt;&lt;field_is_nullable&gt;True&lt;/field_is_nullable&gt;&lt;field_is_required&gt;False&lt;/field_is_required&gt;&lt;/AddField&gt;&lt;/workflow&gt;&lt;/operationSequence&gt;</Process><Process ToolSource="c:\program files\arcgis\pro\Resources\ArcToolbox\toolboxes\Data Management Tools.tbx\UpdateSchema" Date="20190611" Time="111318">UpdateSchema C:\ESRIPress\GIST3_Instructor\Data\MyProject\LandRecords.gdb\PropertyData\Parcels &lt;operationSequence&gt;&lt;workflow&gt;&lt;AssignDefaultToField&gt;&lt;field_name&gt;PlatStatus&lt;/field_name&gt;&lt;default_value&gt;1&lt;/default_value&gt;&lt;subtype_code&gt;1&lt;/subtype_code&gt;&lt;/AssignDefaultToField&gt;&lt;/workflow&gt;&lt;/operationSequence&gt;</Process><Process ToolSource="c:\program files\arcgis\pro\Resources\ArcToolbox\toolboxes\Data Management Tools.tbx\UpdateSchema" Date="20190611" Time="113326">UpdateSchema C:\ESRIPress\GIST3_Instructor\Data\MyProject\LandRecords.gdb\PropertyData\Parcels &lt;operationSequence&gt;&lt;workflow&gt;&lt;AssignDefaultToField&gt;&lt;field_name&gt;PlatStatus&lt;/field_name&gt;&lt;default_value&gt;2&lt;/default_value&gt;&lt;/AssignDefaultToField&gt;&lt;/workflow&gt;&lt;workflow&gt;&lt;SetDefaultSubtype&gt;&lt;subtype_code&gt;2&lt;/subtype_code&gt;&lt;/SetDefaultSubtype&gt;&lt;/workflow&gt;&lt;/operationSequence&gt;</Process><Process ToolSource="c:\program files\arcgis\pro\Resources\ArcToolbox\toolboxes\Data Management Tools.tbx\UpdateSchema" Date="20190611" Time="113958">UpdateSchema C:\ESRIPress\GIST3_Instructor\Data\MyProject\LandRecords.gdb\PropertyData\Parcels &lt;operationSequence&gt;&lt;workflow&gt;&lt;AssignDefaultToField&gt;&lt;field_name&gt;UseCode&lt;/field_name&gt;&lt;default_value&gt;A1&lt;/default_value&gt;&lt;subtype_code&gt;1&lt;/subtype_code&gt;&lt;/AssignDefaultToField&gt;&lt;/workflow&gt;&lt;workflow&gt;&lt;AssignDefaultToField&gt;&lt;field_name&gt;UseCode&lt;/field_name&gt;&lt;default_value&gt;B1&lt;/default_value&gt;&lt;subtype_code&gt;2&lt;/subtype_code&gt;&lt;/AssignDefaultToField&gt;&lt;/workflow&gt;&lt;workflow&gt;&lt;AssignDefaultToField&gt;&lt;field_name&gt;UseCode&lt;/field_name&gt;&lt;default_value&gt;PRK&lt;/default_value&gt;&lt;subtype_code&gt;3&lt;/subtype_code&gt;&lt;/AssignDefaultToField&gt;&lt;/workflow&gt;&lt;/operationSequence&gt;</Process><Process ToolSource="c:\program files\arcgis\pro\Resources\ArcToolbox\toolboxes\Data Management Tools.tbx\UpdateSchema" Date="20190611" Time="114806">UpdateSchema C:\ESRIPress\GIST3_Instructor\Data\MyProject\LandRecords.gdb\PropertyData\Parcels &lt;operationSequence&gt;&lt;workflow&gt;&lt;AssignDefaultToField&gt;&lt;field_name&gt;PlatStatus&lt;/field_name&gt;&lt;default_value&gt;1&lt;/default_value&gt;&lt;/AssignDefaultToField&gt;&lt;/workflow&gt;&lt;workflow&gt;&lt;AssignDefaultToField&gt;&lt;field_name&gt;UseCode&lt;/field_name&gt;&lt;clear_value&gt;True&lt;/clear_value&gt;&lt;subtype_code&gt;1&lt;/subtype_code&gt;&lt;/AssignDefaultToField&gt;&lt;/workflow&gt;&lt;workflow&gt;&lt;AssignDefaultToField&gt;&lt;field_name&gt;UseCode&lt;/field_name&gt;&lt;clear_value&gt;True&lt;/clear_value&gt;&lt;subtype_code&gt;2&lt;/subtype_code&gt;&lt;/AssignDefaultToField&gt;&lt;/workflow&gt;&lt;workflow&gt;&lt;AssignDefaultToField&gt;&lt;field_name&gt;UseCode&lt;/field_name&gt;&lt;clear_value&gt;True&lt;/clear_value&gt;&lt;subtype_code&gt;3&lt;/subtype_code&gt;&lt;/AssignDefaultToField&gt;&lt;/workflow&gt;&lt;workflow&gt;&lt;SetDefaultSubtype&gt;&lt;subtype_code&gt;1&lt;/subtype_code&gt;&lt;/SetDefaultSubtype&gt;&lt;/workflow&gt;&lt;/operationSequence&gt;</Process><Process Name="Copy Rows" ToolSource="c:\program files\arcgis\pro\Resources\ArcToolbox\toolboxes\Data Management Tools.tbx\CopyRows" Date="20190711" Time="115823">CopyRows Parcels_Layer "C:\ESRIPress\GIST3_Instructor\Data\MyAnswers\My work\Parcels_CopyRows.dbf" #</Process></lineage><itemProps><itemName Sync="TRUE">Parcels_CopyRows</itemName><imsContentType Sync="TRUE">002</imsContentType><itemLocation><linkage Sync="TRUE">file://\\DESKTOP-4LJSITM\C$\ESRIPress\GIST3_Instructor\Data\MyAnswers\My work\Parcels_CopyRows.dbf</linkage><protocol Sync="TRUE">Local Area Network</protocol></itemLocation><relatedItems><item><itemName/></item><item><itemName Sync="TRUE">Parcels_TaxRecords2010</itemName><itemType Sync="TRUE">Relationship</itemType></item></relatedItems><nativeExtBox><westBL Sync="TRUE">2398406.883674</westBL><eastBL Sync="TRUE">2410093.500065</eastBL><southBL Sync="TRUE">6990652.499997</southBL><northBL Sync="TRUE">7006401.637790</northBL><exTypeCode Sync="TRUE">1</exTypeCode></nativeExtBox><itemSize Sync="TRUE">0.001</itemSize></itemProps><coordRef><type Sync="TRUE">Projected</type><geogcsn Sync="TRUE">GCS_NAD_1983_2011</geogcsn><csUnits Sync="TRUE">Linear Unit: Foot_US (0.304801)</csUnits><projcsn Sync="TRUE">NAD_1983_2011_StatePlane_Texas_North_Central_FIPS_4202_FtUS</projcsn><peXml Sync="TRUE">&lt;ProjectedCoordinateSystem xsi:type='typens:ProjectedCoordinateSystem' xmlns:xsi='http://www.w3.org/2001/XMLSchema-instance' xmlns:xs='http://www.w3.org/2001/XMLSchema' xmlns:typens='http://www.esri.com/schemas/ArcGIS/2.3.0'&gt;&lt;WKT&gt;PROJCS[&amp;quot;NAD_1983_2011_StatePlane_Texas_North_Central_FIPS_4202_FtUS&amp;quot;,GEOGCS[&amp;quot;GCS_NAD_1983_2011&amp;quot;,DATUM[&amp;quot;D_NAD_1983_2011&amp;quot;,SPHEROID[&amp;quot;GRS_1980&amp;quot;,6378137.0,298.257222101]],PRIMEM[&amp;quot;Greenwich&amp;quot;,0.0],UNIT[&amp;quot;Degree&amp;quot;,0.0174532925199433]],PROJECTION[&amp;quot;Lambert_Conformal_Conic&amp;quot;],PARAMETER[&amp;quot;False_Easting&amp;quot;,1968500.0],PARAMETER[&amp;quot;False_Northing&amp;quot;,6561666.666666666],PARAMETER[&amp;quot;Central_Meridian&amp;quot;,-98.5],PARAMETER[&amp;quot;Standard_Parallel_1&amp;quot;,32.13333333333333],PARAMETER[&amp;quot;Standard_Parallel_2&amp;quot;,33.96666666666667],PARAMETER[&amp;quot;Latitude_Of_Origin&amp;quot;,31.66666666666667],UNIT[&amp;quot;Foot_US&amp;quot;,0.3048006096012192],AUTHORITY[&amp;quot;EPSG&amp;quot;,6584]]&lt;/WKT&gt;&lt;XOrigin&gt;-123407700&lt;/XOrigin&gt;&lt;YOrigin&gt;-86123500&lt;/YOrigin&gt;&lt;XYScale&gt;3048.0060960121928&lt;/XYScale&gt;&lt;ZOrigin&gt;-100000&lt;/ZOrigin&gt;&lt;ZScale&gt;10000&lt;/ZScale&gt;&lt;MOrigin&gt;-100000&lt;/MOrigin&gt;&lt;MScale&gt;10000&lt;/MScale&gt;&lt;XYTolerance&gt;0.0032808333333333331&lt;/XYTolerance&gt;&lt;ZTolerance&gt;0.001&lt;/ZTolerance&gt;&lt;MTolerance&gt;0.001&lt;/MTolerance&gt;&lt;HighPrecision&gt;true&lt;/HighPrecision&gt;&lt;WKID&gt;103159&lt;/WKID&gt;&lt;LatestWKID&gt;6584&lt;/LatestWKID&gt;&lt;/ProjectedCoordinateSystem&gt;</peXml></coordRef></DataProperties><SyncDate>20190711</SyncDate><SyncTime>11582300</SyncTime><ModDate>20190711</ModDate><ModTime>11582300</ModTime></Esri><dataIdInfo><envirDesc Sync="TRUE">Microsoft Windows 10 Version 10.0 (Build 17763) ; Esri ArcGIS 12.3.2.15850</envirDesc><dataLang><languageCode value="eng" Sync="TRUE"></languageCode><countryCode value="USA" Sync="TRUE"></countryCode></dataLang><idCitation><resTitle Sync="TRUE">Parcels_CopyRows</resTitle><presForm><PresFormCd value="011" Sync="TRUE"></PresFormCd></presForm></idCitation><spatRpType><SpatRepTypCd value="003" Sync="TRUE"></SpatRepTypCd></spatRpType><dataExt><geoEle><GeoBndBox esriExtentType="search"><exTypeCode Sync="TRUE">1</exTypeCode><westBL Sync="TRUE">-97.100188</westBL><eastBL Sync="TRUE">-97.061438</eastBL><northBL Sync="TRUE">32.881225</northBL><southBL Sync="TRUE">32.837506</southBL></GeoBndBox></geoEle></dataExt></dataIdInfo><mdLang><languageCode value="eng" Sync="TRUE"></languageCode><countryCode value="USA" Sync="TRUE"></countryCode></mdLang><distInfo><distFormat><formatName Sync="TRUE">dBASE Table</formatName></distFormat><distTranOps><transSize Sync="TRUE">0.001</transSize></distTranOps></distInfo><mdHrLv><ScopeCd value="007" Sync="TRUE"></ScopeCd></mdHrLv><mdHrLvName Sync="TRUE">dataset</mdHrLvName><refSysInfo><RefSystem><refSysID><identCode code="6584" Sync="TRUE"></identCode><idCodeSpace Sync="TRUE">EPSG</idCodeSpace><idVersion Sync="TRUE">8.9.3(10.3.1)</idVersion></refSysID></RefSystem></refSysInfo><spatRepInfo><VectSpatRep><geometObjs Name="Parcels"><geoObjTyp><GeoObjTypCd value="002" Sync="TRUE"></GeoObjTypCd></geoObjTyp><geoObjCnt Sync="TRUE">15963</geoObjCnt></geometObjs><topLvl><TopoLevCd value="001" Sync="TRUE"></TopoLevCd></topLvl></VectSpatRep></spatRepInfo><spdoinfo><ptvctinf><esriterm Name="Parcels"><efeatyp Sync="TRUE">Simple</efeatyp><efeageom code="4" Sync="TRUE"></efeageom><esritopo Sync="TRUE">FALSE</esritopo><efeacnt Sync="TRUE">15963</efeacnt><spindex Sync="TRUE">TRUE</spindex><linrefer Sync="TRUE">FALSE</linrefer></esriterm></ptvctinf></spdoinfo><eainfo><detailed Name="Parcels_CopyRows"><enttyp><enttypl Sync="TRUE">Parcels_CopyRows</enttypl><enttypt Sync="TRUE">Table</enttypt><enttypc Sync="TRUE">0</enttypc></enttyp><attr><attrlabl Sync="TRUE">Shape_Area</attrlabl><attalias Sync="TRUE">Shape_Area</attalias><attrtype Sync="TRUE">Double</attrtype><attwidth Sync="TRUE">19</attwidth><atprecis Sync="TRUE">0</atprecis><attscale Sync="TRUE">0</attscale><attrdef Sync="TRUE">Area of feature in internal units squared.</attrdef><attrdefs Sync="TRUE">Esri</attrdefs><attrdomv><udom Sync="TRUE">Positive real numbers that are automatically generated.</udom></attrdomv></attr><attr><attrlabl Sync="TRUE">SubName</attrlabl><attalias Sync="TRUE">SubName</attalias><attrtype Sync="TRUE">String</attrtype><attwidth Sync="TRUE">254</attwidth><atprecis Sync="TRUE">0</atprecis><attscale Sync="TRUE">0</attscale></attr><attr><attrlabl Sync="TRUE">BLK</attrlabl><attalias Sync="TRUE">BLK</attalias><attrtype Sync="TRUE">String</attrtype><attwidth Sync="TRUE">254</attwidth><atprecis Sync="TRUE">0</atprecis><attscale Sync="TRUE">0</attscale></attr><attr><attrlabl Sync="TRUE">OID</attrlabl><attalias Sync="TRUE">OID</attalias><attrtype Sync="TRUE">OID</attrtype><attwidth Sync="TRUE">4</attwidth><atprecis Sync="TRUE">0</atprecis><attscale Sync="TRUE">0</attscale><attrdef Sync="TRUE">Internal feature number.</attrdef><attrdefs Sync="TRUE">Esri</attrdefs><attrdomv><udom Sync="TRUE">Sequential unique whole numbers that are automatically generated.</udom></attrdomv></attr><attr><attrlabl Sync="TRUE">Shape_Leng</attrlabl><attalias Sync="TRUE">Shape_Leng</attalias><attrtype Sync="TRUE">Double</attrtype><attwidth Sync="TRUE">19</attwidth><atprecis Sync="TRUE">0</atprecis><attscale Sync="TRUE">0</attscale></attr><attr><attrlabl Sync="TRUE">LotNo</attrlabl><attalias Sync="TRUE">LotNo</attalias><attrtype Sync="TRUE">String</attrtype><attwidth Sync="TRUE">254</attwidth><atprecis Sync="TRUE">0</atprecis><attscale Sync="TRUE">0</attscale></attr><attr><attrlabl Sync="TRUE">Pre_Type</attrlabl><attalias Sync="TRUE">Pre_Type</attalias><attrtype Sync="TRUE">String</attrtype><attwidth Sync="TRUE">254</attwidth><atprecis Sync="TRUE">0</atprecis><attscale Sync="TRUE">0</attscale></attr><attr><attrlabl Sync="TRUE">Pre_Dir</attrlabl><attalias Sync="TRUE">Pre_Dir</attalias><attrtype Sync="TRUE">String</attrtype><attwidth Sync="TRUE">254</attwidth><atprecis Sync="TRUE">0</atprecis><attscale Sync="TRUE">0</attscale></attr><attr><attrlabl Sync="TRUE">House_Num</attrlabl><attalias Sync="TRUE">House_Num</attalias><attrtype Sync="TRUE">String</attrtype><attwidth Sync="TRUE">254</attwidth><atprecis Sync="TRUE">0</atprecis><attscale Sync="TRUE">0</attscale></attr><attr><attrlabl Sync="TRUE">Suffix_Dir</attrlabl><attalias Sync="TRUE">Suffix_Dir</attalias><attrtype Sync="TRUE">String</attrtype><attwidth Sync="TRUE">254</attwidth><atprecis Sync="TRUE">0</atprecis><attscale Sync="TRUE">0</attscale></attr><attr><attrlabl Sync="TRUE">ZIPCODE</attrlabl><attalias Sync="TRUE">ZIPCODE</attalias><attrtype Sync="TRUE">Integer</attrtype><attwidth Sync="TRUE">10</attwidth><atprecis Sync="TRUE">10</atprecis><attscale Sync="TRUE">0</attscale></attr><attr><attrlabl Sync="TRUE">UseCode</attrlabl><attalias Sync="TRUE">UseCode</attalias><attrtype Sync="TRUE">String</attrtype><attwidth Sync="TRUE">254</attwidth><atprecis Sync="TRUE">0</atprecis><attscale Sync="TRUE">0</attscale></attr><attr><attrlabl Sync="TRUE">Street_Nam</attrlabl><attalias Sync="TRUE">Street_Nam</attalias><attrtype Sync="TRUE">String</attrtype><attwidth Sync="TRUE">254</attwidth><atprecis Sync="TRUE">0</atprecis><attscale Sync="TRUE">0</attscale></attr><attr><attrlabl Sync="TRUE">Street_Typ</attrlabl><attalias Sync="TRUE">Street_Typ</attalias><attrtype Sync="TRUE">String</attrtype><attwidth Sync="TRUE">254</attwidth><atprecis Sync="TRUE">0</atprecis><attscale Sync="TRUE">0</attscale></attr><attr><attrlabl Sync="TRUE">PlatStatus</attrlabl><attalias Sync="TRUE">PlatStatus</attalias><attrtype Sync="TRUE">Integer</attrtype><attwidth Sync="TRUE">5</attwidth><atprecis Sync="TRUE">5</atprecis><attscale Sync="TRUE">0</attscale></attr><attr><attrlabl Sync="TRUE">PercentOwn</attrlabl><attalias Sync="TRUE">PercentOwn</attalias><attrtype Sync="TRUE">Single</attrtype><attwidth Sync="TRUE">13</attwidth><atprecis Sync="TRUE">0</atprecis><attscale Sync="TRUE">0</attscale></attr><subtype><stname Sync="TRUE">Platted Property</stname><stcode Sync="TRUE">1</stcode><stfield><stfldnm Sync="TRUE">Street_Type</stfldnm><stflddd><domname Sync="TRUE">StTypeAbbrv</domname><domdesc Sync="TRUE">Street Type Abbreviations</domdesc><domtype Sync="TRUE">Coded Value</domtype><mrgtype Sync="TRUE">Default value</mrgtype><splttype Sync="TRUE">Default value</splttype><domowner Sync="TRUE"></domowner><domfldtp Sync="TRUE">String</domfldtp></stflddd></stfield><stfield><stfldnm Sync="TRUE">UseCode</stfldnm><stflddd><domname Sync="TRUE">ParcelUseCodes</domname><domdesc Sync="TRUE">Use Codes for Parcels</domdesc><domtype Sync="TRUE">Coded Value</domtype><mrgtype Sync="TRUE">Default value</mrgtype><splttype Sync="TRUE">Default value</splttype><domowner Sync="TRUE"></domowner><domfldtp Sync="TRUE">String</domfldtp></stflddd><stflddv Sync="TRUE">A1</stflddv></stfield><stfield><stfldnm Sync="TRUE">PlatStatus</stfldnm><stflddv Sync="TRUE">1</stflddv></stfield></subtype><attr><attrlabl Sync="TRUE">Georeferen</attrlabl><attalias Sync="TRUE">Georeferen</attalias><attrtype Sync="TRUE">String</attrtype><attwidth Sync="TRUE">254</attwidth><atprecis Sync="TRUE">0</atprecis><attscale Sync="TRUE">0</attscale></attr><subtype><stname Sync="TRUE">Unplatted Property</stname><stcode Sync="TRUE">2</stcode><stfield><stfldnm Sync="TRUE">Street_Type</stfldnm><stflddd><domname Sync="TRUE">StTypeAbbrv</domname><domdesc Sync="TRUE">Street Type Abbreviations</domdesc><domtype Sync="TRUE">Coded Value</domtype><mrgtype Sync="TRUE">Default value</mrgtype><splttype Sync="TRUE">Default value</splttype><domowner Sync="TRUE"></domowner><domfldtp Sync="TRUE">String</domfldtp></stflddd></stfield><stfield><stfldnm Sync="TRUE">UseCode</stfldnm><stflddd><domname Sync="TRUE">ParcelUseCodes</domname><domdesc Sync="TRUE">Use Codes for Parcels</domdesc><domtype Sync="TRUE">Coded Value</domtype><mrgtype Sync="TRUE">Default value</mrgtype><splttype Sync="TRUE">Default value</splttype><domowner Sync="TRUE"></domowner><domfldtp Sync="TRUE">String</domfldtp></stflddd><stflddv Sync="TRUE">B1</stflddv></stfield></subtype><attr><attrlabl Sync="TRUE">created_us</attrlabl><attalias Sync="TRUE">created_us</attalias><attrtype Sync="TRUE">String</attrtype><attwidth Sync="TRUE">254</attwidth><atprecis Sync="TRUE">0</atprecis><attscale Sync="TRUE">0</attscale></attr><attr><attrlabl Sync="TRUE">created_da</attrlabl><attalias Sync="TRUE">created_da</attalias><attrtype Sync="TRUE">Date</attrtype><attwidth Sync="TRUE">8</attwidth><atprecis Sync="TRUE">0</atprecis><attscale Sync="TRUE">0</attscale></attr><attr><attrlabl Sync="TRUE">last_edite</attrlabl><attalias Sync="TRUE">last_edite</attalias><attrtype Sync="TRUE">String</attrtype><attwidth Sync="TRUE">254</attwidth><atprecis Sync="TRUE">0</atprecis><attscale Sync="TRUE">0</attscale></attr><attr><attrlabl Sync="TRUE">last_edi_1</attrlabl><attalias Sync="TRUE">last_edi_1</attalias><attrtype Sync="TRUE">Date</attrtype><attwidth Sync="TRUE">8</attwidth><atprecis Sync="TRUE">0</atprecis><attscale Sync="TRUE">0</attscale></attr><subtype><stname Sync="TRUE">Plat Pending</stname><stcode Sync="TRUE">3</stcode><stfield><stfldnm Sync="TRUE">Street_Type</stfldnm><stflddd><domname Sync="TRUE">StTypeAbbrv</domname><domdesc Sync="TRUE">Street Type Abbreviations</domdesc><domtype Sync="TRUE">Coded Value</domtype><mrgtype Sync="TRUE">Default value</mrgtype><splttype Sync="TRUE">Default value</splttype><domowner Sync="TRUE"></domowner><domfldtp Sync="TRUE">String</domfldtp></stflddd></stfield><stfield><stfldnm Sync="TRUE">UseCode</stfldnm><stflddd><domname Sync="TRUE">ParcelUseCodes</domname><domdesc Sync="TRUE">Use Codes for Parcels</domdesc><domtype Sync="TRUE">Coded Value</domtype><mrgtype Sync="TRUE">Default value</mrgtype><splttype Sync="TRUE">Default value</splttype><domowner Sync="TRUE"></domowner><domfldtp Sync="TRUE">String</domfldtp></stflddd><stflddv Sync="TRUE">PRK</stflddv></stfield></subtype><attr><attrlabl Sync="TRUE">Descriptio</attrlabl><attalias Sync="TRUE">Descriptio</attalias><attrtype Sync="TRUE">String</attrtype><attwidth Sync="TRUE">254</attwidth><atprecis Sync="TRUE">0</atprecis><attscale Sync="TRUE">0</attscale></attr></detailed></eainfo><mdDateSt Sync="TRUE">20190711</mdDateSt></metadata>
