<?xml version="1.0" encoding="UTF-8"?>
<metadata xml:lang="en"><Esri><CreaDate>20190808</CreaDate><CreaTime>09494300</CreaTime><ArcGISFormat>1.0</ArcGISFormat><SyncOnce>FALSE</SyncOnce><DataProperties><itemProps><itemName Sync="TRUE">Govt_census_tract_2010.txt</itemName><imsContentType Sync="TRUE">005</imsContentType><itemLocation><linkage Sync="TRUE">file://\\DESKTOP-4LJSITM\C$\Users\Eric Lee\Downloads\Camden-block-and-tract-master (1)\Camden-block-and-tract-master\Tract\Tract\Govt_census_tract_2010.txt</linkage><protocol Sync="TRUE">Local Area Network</protocol></itemLocation><itemSize Sync="TRUE">0.045</itemSize></itemProps></DataProperties><SyncDate>20190808</SyncDate><SyncTime>09494300</SyncTime><ModDate>20190808</ModDate><ModTime>09494300</ModTime></Esri><dataIdInfo><envirDesc Sync="TRUE">Microsoft Windows 10 Version 10.0 (Build 17763) ; Esri ArcGIS 12.3.2.15850</envirDesc><dataLang><languageCode value="eng" Sync="TRUE"></languageCode><countryCode value="USA" Sync="TRUE"></countryCode></dataLang><idCitation><resTitle Sync="TRUE">Govt_census_tract_2010.txt</resTitle><presForm><PresFormCd value="001" Sync="TRUE"></PresFormCd></presForm></idCitation></dataIdInfo><mdLang><languageCode value="eng" Sync="TRUE"></languageCode><countryCode value="USA" Sync="TRUE"></countryCode></mdLang><mdChar><CharSetCd value="004" Sync="TRUE"></CharSetCd></mdChar><distInfo><distFormat><formatName Sync="TRUE">Text File</formatName></distFormat><distTranOps><transSize Sync="TRUE">0.045</transSize></distTranOps></distInfo><mdHrLv><ScopeCd value="007" Sync="TRUE"></ScopeCd></mdHrLv><mdHrLvName Sync="TRUE">non-geographic dataset</mdHrLvName><eainfo><detailed Name="Govt_census_tract_2010.txt"><enttyp><enttypl Sync="TRUE">Govt_census_tract_2010.txt</enttypl><enttypt Sync="TRUE">Table</enttypt><enttypc Sync="TRUE">885</enttypc></enttyp><attr><attrlabl Sync="TRUE">Identification_Information:</attrlabl><attalias Sync="TRUE">Identification_Information:</attalias><attrtype Sync="TRUE">String</attrtype><attwidth Sync="TRUE">8000</attwidth><atprecis Sync="TRUE">0</atprecis><attscale Sync="TRUE">0</attscale></attr></detailed></eainfo><mdDateSt Sync="TRUE">20190808</mdDateSt></metadata>
