<?xml version="1.0" encoding="UTF-8"?>
<metadata xmlns:xs="http://www.w3.org/2001/XMLSchema" xmlns:fn="http://www.w3.org/2005/xpath-functions" xmlns:xdt="http://www.w3.org/2005/xpath-datatypes">
<idinfo>
<citation>
<citeinfo>
<origin>U.S. Department of Commerce, U.S. Census Bureau, Geography Division</origin>
<pubdate>2010</pubdate>
<title>Census Tracts (2010) in New Jersey, Edition 20140523 (Govt_census_tract_2010)</title>
<edition>2010</edition>
<geoform>vector digital data</geoform>
<pubinfo>
<pubplace>Washington, D.C.</pubplace>
<publish>U.S. Census Bureau</publish>
</pubinfo>
<onlink>http://www.census.gov/geo/www/tiger</onlink>
</citeinfo>
</citation>
<descript>
<abstract>The TIGER/Line Files are shapefiles and related database files (.dbf) that are an extract of selected geographic and cartographic information from the U.S. Census Bureau's Master Address File / Topologically Integrated Geographic Encoding and Referencing (MAF/TIGER) Database (MTDB).  The MTDB represents a seamless national file with no overlaps or gaps between parts, however, each TIGER/Line File is designed to stand alone as an independent data set, or they can be combined to cover the entire nation.  Census tracts are small, relatively permanent statistical subdivisions of a county or equivalent entity, and were defined by local participants as part of the 2010 Census Participant Statistical Areas Program.  The Census Bureau delineated the census tracts in situations where no local participant existed or where all the potential participants declined to participate.  The primary purpose of census tracts is to provide a stable set of geographic units for the presentation of census data and comparison back to previous decennial censuses.  Census tracts generally have a population size between 1,200 and 8,000 people, with an optimum size of 4,000 people.  When first delineated, census tracts were designed to be homogeneous with respect to population characteristics, economic status, and living conditions.  The spatial size of census tracts varies widely depending on the density of settlement.  Physical changes in street patterns caused by highway construction, new development, and so forth, may require boundary revisions.  In addition, census tracts occasionally are split due to population growth, or combined as a result of substantial population decline.  Census tract boundaries generally follow visible and identifiable features.  They may follow legal boundaries such as minor civil division (MCD) or incorporated place boundaries in some States and situations to allow for census tract-to-governmental unit relationships where the governmental boundaries tend to remain unchanged between censuses.  State and county boundaries always are census tract boundaries in the standard census geographic hierarchy.  In a few rare instances, a census tract may consist of noncontiguous areas.  These noncontiguous areas may occur where the census tracts are coextensive with all or parts of legal entities that are themselves noncontiguous.  For the 2010 Census, the census tract code range of 9400 through 9499 was enforced for census tracts that include a majority American Indian population according to Census 2000 data and/or their area was primarily covered by federally recognized American Indian reservations and/or off-reservation trust lands; the code range 9800 through 9899 was enforced for those census tracts that contained little or no population and represented a relatively large special land use area such as a National Park, military installation, or a business/industrial park; and the code range 9900 through 9998 was enforced for those census tracts that contained only water area, no land area.</abstract>
<purpose>In order for others to use the information in the Census MAF/TIGER database in a geographic information system (GIS) or for other geographic applications, the Census Bureau releases to the public extracts of the database in the form of TIGER/Line Shapefiles.</purpose>
</descript>
<timeperd>
<timeinfo>
<rngdates>
<begdate>201001</begdate>
<enddate>201007</enddate>
</rngdates>
</timeinfo>
<current>publication date</current>
</timeperd>
<status>
<progress>Complete</progress>
<update>TIGER/Line Shapefiles are extracted from the Census MAF/TIGER database.  No changes or updates will be made to this version of the TIGER/Line Shapefiles.  Future releases of TIGER/Line Shapefiles will reflect updates made to the Census MAF/TIGER database.</update>
</status>
<spdom>
<bounding>
<westbc>-75.593442</westbc>
<eastbc>-73.876637</eastbc>
<northbc>41.357588</northbc>
<southbc>38.785047</southbc>
</bounding>
</spdom>
<keywords>
<theme>
<themekt>ISO 19115 Topic Categories</themekt>
<themekey>boundaries</themekey>
</theme>
<theme>
<themekt>None</themekt>
<themekey>State or equivalent entity</themekey>
<themekey>Polygon</themekey>
<themekey>Census Tract</themekey>
<themekey>Tract</themekey>
</theme>
<place>
<placekt>INCITS.38-200x (R2004),INCITS.31-200x (R2007),INCITS.454-200x,INCITS 455-200x,INCITS 446-2008</placekt>
<placekey>United States</placekey>
<placekey>U.S.</placekey>
<placekey>State or Equivalent Entity</placekey>
<placekey>New Jersey</placekey>
<placekey>NJ</placekey>
<placekey>34</placekey>
</place>
</keywords>
<accconst>None</accconst>
<useconst>
The TIGER/Line Shapefile products are not copyrighted however TIGER/Line and Census TIGER are registered trademarks of the U.S. Census Bureau.  These products are free to use in a product or publication, however acknowledgement must be given to the U.S. Census Bureau as the source.
The boundary information in the TIGER/Line Shapefiles are for statistical data collection and tabulation purposes only; their depiction and designation for statistical purposes does not constitute a determination of jurisdictional authority or rights of ownership or entitlement and they are not legal land descriptions.Coordinates in the TIGER/Line shapefiles have six implied decimal places, but the positional accuracy of these coordinates is not as great as the six decimal places suggest.
</useconst>
<ptcontac>
<cntinfo>
<cntorgp>
<cntorg>U.S. Department of Commerce, U.S. Census Bureau, Geography Division, Geographic Products Branch</cntorg>
</cntorgp>
<cntaddr>
<addrtype>mailing address</addrtype>
<address>4600 Silver Hill Road, Stop 7400</address>
<city>Washington</city>
<state>DC</state>
<postal>20233-7400</postal>
</cntaddr>
<cntvoice>301-763-1128</cntvoice>
<cntfax>301-763-4710</cntfax>
<cntemail>geo.tiger@census.gov</cntemail>
</cntinfo>
</ptcontac>
</idinfo>
<dataqual>
<attracc>
<attraccr>Accurate against Federal Information Processing Standards (FIPS), FIPS Publication 6-4, and FIPS-55 at the 100% level for the codes and base names.  The remaining attribute information has been examined but has not been fully tested for accuracy.</attraccr>
</attracc>
<logic>
The Census Bureau performed automated tests to ensure logical consistency and limits of shapefiles.  Segments making up the outer and inner boundaries of a polygon tie end-to-end to completely enclose the area.  All polygons are tested for closure.
The Census Bureau uses its internally developed geographic update system to enhance and modify spatial and attribute data in the Census MAF/TIGER database.  Standard geographic codes, such as FIPS codes for states, counties, municipalities, county subdivisions, places, American Indian/Alaska Native/Native Hawaiian areas, and congressional districts are used when encoding spatial entities.  The Census Bureau performed spatial data tests for logical consistency of the codes during the compilation of the original Census MAF/TIGER database files.  Most of the codes for geographic entities except states, counties, urban areas, Core Based Statistical Areas (CBSAs), American Indian Areas (AIAs), and congressional districts were provided to the Census Bureau by the USGS, the agency responsible for maintaining FIPS 55.  Feature attribute information has been examined but has not been fully tested for consistency.
For the TIGER/Line Shapefiles, the Point and Vector Object Count for the G-polygon SDTS Point and Vector Object Type reflects the number of records in the shapefile attribute table.  For multi-polygon features, only one attribute record exists for each multi-polygon rather than one attribute record per individual G-polygon component of the multi-polygon feature.  TIGER/Line Shapefile multi-polygons are an exception to the G-polygon object type classification.  Therefore, when multi-polygons exist in a shapefile, the object count will be less than the actual number of G-polygons.
</logic>
<complete>Data completeness of the TIGER/Line Shapefiles reflects the contents of the Census MAF/TIGER database at the time the TIGER/Line Shapefiles were created.</complete>
<posacc>
<horizpa>
<horizpar>Unknown</horizpar>
</horizpa>
</posacc>
<lineage>
<srcinfo>
<srccite>
<citeinfo>
<origin>U.S. Department of Commerce, U.S. Census Bureau, Geography Division</origin>
<pubdate>Unpublished Material</pubdate>
<title>Census MAF/TIGER database</title>
<pubinfo>
<pubplace>Washington, D.C.</pubplace>
<publish>U.S. Census Bureau</publish>
</pubinfo>
</citeinfo>
</srccite>
<srcscale>Unknown</srcscale>
<typesrc>online</typesrc>
<srctime>
<timeinfo>
<rngdates>
<begdate>201001</begdate>
<enddate>201007</enddate>
</rngdates>
</timeinfo>
<srccurr>publication date</srccurr>
</srctime>
<srccitea>MAF/TIGER</srccitea>
<srccontr>The selected geographic and cartographic information (line segments) are derived from the U.S. Census Bureau's Master Address File Topologically Integrated Geographic Encoding and Referencing (MAF/TIGER) database.</srccontr>
</srcinfo>
<procstep>
<procdesc>TIGER/Line Shapefiles are extracted from the Census MAF/TIGER database by nation, state, county, and entity.  Census MAF/TIGER data for all of the aforementioned geographic entities are then distributed among the shapefiles each containing attributes for line, polygon, or landmark geographic data.</procdesc>
<procdate>2010</procdate>
</procstep>
<procstep>
<procdesc>Census 2010 track data files available for New Jersey were obtained from the Census Bureau website as Zip files by  NJDEP/OIRM/BGIS.  The unzipped shape file was projected in New Jersey State Plane Feet, and loaded into a File Geodatabase for further processing.  Additional  information on Population, Race, Age and Housing estimates were extracted from the Census Bureaus Summary File 1 database and joined to the track feature class</procdesc>
<procdate>20120601</procdate>
<proccont>
<cntinfo>
<cntorgp>
<cntorg>NJDEP/OIRM/BGIS</cntorg>
</cntorgp>
<cntaddr>
<addrtype>mailing and physical address</addrtype>
<address>401 East State Street</address>
<city>Trenton</city>
<state>New Jersey</state>
<postal>08625</postal>
</cntaddr>
<cntvoice>609-777-0672</cntvoice>
<cntemail>gisnet@dep.nj.gov</cntemail>
</cntinfo>
</proccont>
</procstep>
</lineage>
</dataqual>
<spdoinfo>
<indspref>Federal Information Processing Standards (FIPS), ANSI, and feature names.</indspref>
<direct>Vector</direct>
<ptvctinf>
<sdtsterm>
<sdtstype>G-polygon</sdtstype>
<ptvctcnt>2010</ptvctcnt>
</sdtsterm>
</ptvctinf>
</spdoinfo>
<spref>
<horizsys>
<planar>
<gridsys>
<gridsysn>State Plane Coordinate System 1983</gridsysn>
<spcs>
<spcszone>2900</spcszone>
</spcs>
</gridsys>
<planci>
<plance>coordinate pair</plance>
<coordrep>
<absres>0.000328</absres>
<ordres>0.000328</ordres>
</coordrep>
<plandu>survey feet</plandu>
</planci>
</planar>
<geodetic>
<horizdn>North American Datum of 1983</horizdn>
<ellips>Geodetic Reference System 80</ellips>
<semiaxis>6378137.000000</semiaxis>
<denflat>298.257222</denflat>
</geodetic>
</horizsys>
<vertdef>
<altsys>
<altdatum>North American Vertical Datum of 1988</altdatum>
<altres>0.000100</altres>
<altunits>feet</altunits>
<altenc>Explicit elevation coordinate included with horizontal coordinates</altenc>
</altsys>
</vertdef>
</spref>
<eainfo>
<detailed>
<enttyp>
<enttypl>Govt_census_tract_2010</enttypl>
<enttypd>2010 Census Census Tract State-based</enttypd>
<enttypds>U.S. Census Bureau</enttypds>
</enttyp>
<attr>
<attrlabl>OBJECTID</attrlabl>
<attrdef>Internal feature number.</attrdef>
<attrdefs>ESRI</attrdefs>
<attrdomv>
<udom>Sequential unique whole numbers that are automatically generated.</udom>
</attrdomv>
</attr>
<attr>
<attrlabl>STATEFP10</attrlabl>
<attrdef>
2010 Census state Federal Information Processing Standards
                 (FIPS) codes
</attrdef>
<attrdefs>U.S. Census Bureau</attrdefs>
<attrdomv>
<codesetd>
<codesetn>
INCITS.38-200x (R2004), Codes for the Identification of
                      the States, the District of Columbia, Puerto Rico, and the
                      Insular Areas of the United States (Formerly FIPS 5-2)
</codesetn>
<codesets>U.S. Census Bureau</codesets>
</codesetd>
</attrdomv>
</attr>
<attr>
<attrlabl>COUNTYFP10</attrlabl>
<attrdef>
2010 Census county Federal Information Processing Standards
                 (FIPS) code
</attrdef>
<attrdefs>U.S. Census Bureau</attrdefs>
<attrdomv>
<codesetd>
<codesetn>
INCITS.31-200x (R2007), Codes for the Identification of
                      the Counties and Equivalent Areas of the United States,
                      Puerto Rico, and the Insular Areas of the United States
                      (Formerly FIPS 6-4)
</codesetn>
<codesets>U.S. Census Bureau</codesets>
</codesetd>
</attrdomv>
</attr>
<attr>
<attrlabl>TRACTCE10</attrlabl>
<attrdef>2010 Census census tract code</attrdef>
<attrdefs>U.S. Census Bureau</attrdefs>
<attrdomv>
<edom>
<edomv>000000</edomv>
<edomvd>
Water tract in some coastal and Great Lakes water and
                    territorial sea
</edomvd>
<edomvds>U.S. Census</edomvds>
</edom>
</attrdomv>
<attrdomv>
<edom>
<edomv>000100 to 998999</edomv>
<edomvd>Census tract number</edomvd>
<edomvds>U.S. Census Bureau</edomvds>
</edom>
</attrdomv>
</attr>
<attr>
<attrlabl>GEOID10</attrlabl>
<attrdef>
Census tract identifier, a concatenation of 2010 Census state
                 Federal Information Processing Standards (FIPS) code, county
                 FIPS code, and census tract code
</attrdef>
<attrdefs>U.S. Census Bureau</attrdefs>
<attrdomv>
<codesetd>
<codesetn>
INCITS.38-200x (R2004), Codes for the Identification of
                      the States, the District of Columbia, Puerto Rico, and the
                      Insular Areas of the United States (Formerly FIPS 5-2),
                      INCITS.31-200x (R2007), Codes for the Identification of
                      the Counties and Equivalent Areas of the United States,
                      Puerto Rico, and the Insular Areas of the United States
                      (Formerly FIPS 6-4) and the census tract code that appears
                      in TRACTCE10
</codesetn>
<codesets>U.S. Census Bureau</codesets>
</codesetd>
</attrdomv>
</attr>
<attr>
<attrlabl>NAME10</attrlabl>
<attrdef>
2010 Census census tract name, this is the census tract code
                 converted to an integer or integer plus two-digit decimal if
                 the last two characters of the code are not both zeros.
</attrdef>
<attrdefs>U.S. Census Bureau</attrdefs>
<attrdomv>
<codesetd>
<codesetn>
Refer to the online census tract gazetteer file at URL:
                      http://www.census.gov/geo/www/gazetteer/gazette.html
</codesetn>
<codesets>U.S. Census Bureau</codesets>
</codesetd>
</attrdomv>
</attr>
<attr>
<attrlabl>NAMELSAD10</attrlabl>
<attrdef>
2010 Census translated legal/statistical area description and
                 the census tract name
</attrdef>
<attrdefs>U.S. Census Bureau</attrdefs>
<attrdomv>
<codesetd>
<codesetn>
Refer to the online census tract gazetteer file at URL:
                      http://www.census.gov/geo/www/gazetteer/gazette.html and
                      translated legal/statistical area description code CT,
                      Census Tract
</codesetn>
<codesets>U.S. Census Bureau</codesets>
</codesetd>
</attrdomv>
</attr>
<attr>
<attrlabl>MTFCC10</attrlabl>
<attrdef>MAF/TIGER feature class code</attrdef>
<attrdefs>U.S. Census Bureau</attrdefs>
<attrdomv>
<edom>
<edomv>G5020</edomv>
<edomvd>Census Tract</edomvd>
<edomvds>U.S. Census Bureau</edomvds>
</edom>
</attrdomv>
</attr>
<attr>
<attrlabl>FUNCSTAT10</attrlabl>
<attrdef>2010 Census functional status</attrdef>
<attrdefs>U.S. Census Bureau</attrdefs>
<attrdomv>
<edom>
<edomv>S</edomv>
<edomvd>Statistical entity</edomvd>
<edomvds>U.S. Census Bureau</edomvds>
</edom>
</attrdomv>
</attr>
<attr>
<attrlabl>ALAND10</attrlabl>
<attrdef>2010 Census land area (square meters)</attrdef>
<attrdefs>U.S. Census Bureau</attrdefs>
<attrdomv>
<edom>
<edomv>0 to 9,999,999,999,999</edomv>
<edomvd>Blank</edomvd>
<edomvds>U.S. Census Bureau</edomvds>
</edom>
</attrdomv>
</attr>
<attr>
<attrlabl>AWATER10</attrlabl>
<attrdef>2010 Census water area (square meters)</attrdef>
<attrdefs>U.S. Census Bureau</attrdefs>
<attrdomv>
<edom>
<edomv>0 to 9,999,999,999,999</edomv>
<edomvd>Blank</edomvd>
<edomvds>U.S. Census Bureau</edomvds>
</edom>
</attrdomv>
</attr>
<attr>
<attrlabl>INTPTLAT10</attrlabl>
<attrdef>2010 Census latitude of the internal point</attrdef>
<attrdefs>U.S. Census Bureau</attrdefs>
<attrdomv>
<edom>
<edomv>00</edomv>
<edomvd>Blank</edomvd>
<edomvds>U.S. Census Bureau</edomvds>
</edom>
</attrdomv>
</attr>
<attr>
<attrlabl>INTPTLON10</attrlabl>
<attrdef>2010 Census longitude of the internal point</attrdef>
<attrdefs>U.S. Census Bureau</attrdefs>
<attrdomv>
<edom>
<edomv>00</edomv>
<edomvd>Blank</edomvd>
<edomvds>U.S. Census Bureau</edomvds>
</edom>
</attrdomv>
</attr>
<attr>
<attrlabl>SUMLEV</attrlabl>
<attrdef>Code Used to Specify the Geographic Elements Required to Summarize the Census Data</attrdef>
<attrdefs>U.S. Census Bureau</attrdefs>
<attrdomv>
<edom>
<edomv>140</edomv>
<edomvd>Tracts</edomvd>
<edomvds>U.S. Census Bureau</edomvds>
</edom>
</attrdomv>
</attr>
<attr>
<attrlabl>STATE</attrlabl>
<attrdef>State</attrdef>
<attrdefs>U.S. Census Bureau</attrdefs>
<attrdomv>
<edom>
<edomv>34</edomv>
<edomvd>New Jersey</edomvd>
<edomvds>U.S. Census Bureau</edomvds>
</edom>
</attrdomv>
</attr>
<attr>
<attrlabl>COUNTY</attrlabl>
<attrdef>County</attrdef>
<attrdefs>U.S. Census Bureau</attrdefs>
<attrdomv>
<codesetd>
<codesetn>County</codesetn>
<codesets>U.S. Census Bureau</codesets>
</codesetd>
</attrdomv>
</attr>
<attr>
<attrlabl>TRACT</attrlabl>
<attrdef>2010 Census Tract Code</attrdef>
<attrdefs>U.S. Census Bureau</attrdefs>
<attrdomv>
<codesetd>
<codesetn>TRACT</codesetn>
<codesets>U.S. Census Bureau</codesets>
</codesetd>
</attrdomv>
</attr>
<attr>
<attrlabl>TOT_POP</attrlabl>
<attrdef>Total Population within Tract (P0030001)</attrdef>
<attrdefs>U.S. Census Bureau</attrdefs>
<attrdomv>
<udom>Unique Value</udom>
</attrdomv>
</attr>
<attr>
<attrlabl>WHITE</attrlabl>
<attrdef>Population of White Alone (including Hispanic) (P00300020</attrdef>
<attrdefs>U.S. Census Bureau</attrdefs>
<attrdomv>
<udom>Unique Value</udom>
</attrdomv>
</attr>
<attr>
<attrlabl>BLACK</attrlabl>
<attrdef>Population of Black or African American Alone (P0030003)</attrdef>
<attrdefs>U.S. Census Bureau</attrdefs>
<attrdomv>
<udom>Unique Value</udom>
</attrdomv>
</attr>
<attr>
<attrlabl>AIAN</attrlabl>
<attrdef>Population of American Indian or Alaka Native (P0030004)</attrdef>
<attrdefs>U.S. Census Bureau</attrdefs>
<attrdomv>
<udom>Unique Value</udom>
</attrdomv>
</attr>
<attr>
<attrlabl>ASIAN</attrlabl>
<attrdef>Population of Asian Alone (P0030005)</attrdef>
<attrdefs>U.S. Census Bureau</attrdefs>
<attrdomv>
<udom>Unique Value</udom>
</attrdomv>
</attr>
<attr>
<attrlabl>NHOPI</attrlabl>
<attrdef>Population of Native Hawaiian and Other Pacific Islander Alone (P0030006)</attrdef>
<attrdefs>U.S. Census Bureau</attrdefs>
<attrdomv>
<udom>Unique Value</udom>
</attrdomv>
</attr>
<attr>
<attrlabl>OTHER</attrlabl>
<attrdef>Population of Some Other Race Alone (P0030007)</attrdef>
<attrdefs>U.S. Census Bureau</attrdefs>
<attrdomv>
<udom>Unique Value</udom>
</attrdomv>
</attr>
<attr>
<attrlabl>MULTI_RACE</attrlabl>
<attrdef>Population of Two or More Races (P0030008)</attrdef>
<attrdefs>U.S. Census Bureau</attrdefs>
<attrdomv>
<udom>Unique Value</udom>
</attrdomv>
</attr>
<attr>
<attrlabl>HISPANIC</attrlabl>
<attrdef>Population of Hispanic or Latino (included in White Alone) (P0040003)</attrdef>
<attrdefs>U.S. Census Bureau</attrdefs>
<attrdomv>
<udom>Unique Value</udom>
</attrdomv>
</attr>
<attr>
<attrlabl>MALE_TOT</attrlabl>
<attrdef>Total Number of Males in the Tract (P0120002)</attrdef>
<attrdefs>U.S. Census Bureau</attrdefs>
<attrdomv>
<udom>Unique Value</udom>
</attrdomv>
</attr>
<attr>
<attrlabl>M_UNDER_5</attrlabl>
<attrdef>Number of Males in the Tract Under 5 Years (P0120003)</attrdef>
<attrdefs>U.S. Census Bureau</attrdefs>
<attrdomv>
<udom>Unique Value</udom>
</attrdomv>
</attr>
<attr>
<attrlabl>M_5_TO_9</attrlabl>
<attrdef>Number of Males in the Tract 5 to 9 Years (P0120004)</attrdef>
<attrdefs>U.S. Census Bureau</attrdefs>
<attrdomv>
<udom>Unique Value</udom>
</attrdomv>
</attr>
<attr>
<attrlabl>M_10_TO_14</attrlabl>
<attrdef>Number of Males in the Tract 10 to 14 Years  (P0120005)</attrdef>
<attrdefs>U.S. Census Bureau</attrdefs>
<attrdomv>
<udom>Unique Value</udom>
</attrdomv>
</attr>
<attr>
<attrlabl>M_15_TO_17</attrlabl>
<attrdef>Number of Males in the Tract 15 to 17 Years (P0120006)</attrdef>
<attrdefs>U.S. Census Bureau</attrdefs>
<attrdomv>
<udom>Unique Value</udom>
</attrdomv>
</attr>
<attr>
<attrlabl>M_18_AND_1</attrlabl>
<attrdef>Number of Males in the Tract 18 or 19 Years (P0120007)</attrdef>
<attrdefs>U.S. Census Bureau</attrdefs>
<attrdomv>
<udom>Unique Value</udom>
</attrdomv>
</attr>
<attr>
<attrlabl>M_20</attrlabl>
<attrdef>Number of Males in the Tract 20 Years (P0120008)</attrdef>
<attrdefs>U.S. Census Bureau</attrdefs>
<attrdomv>
<udom>Unique Value</udom>
</attrdomv>
</attr>
<attr>
<attrlabl>M_21</attrlabl>
<attrdef>Number of Males in the Tract 21 Years (P0120010)</attrdef>
<attrdefs>U.S. Census Bureau</attrdefs>
<attrdomv>
<udom>Unique Value</udom>
</attrdomv>
</attr>
<attr>
<attrlabl>M_22_TO_24</attrlabl>
<attrdef>Number of Males in the Tract 22 to 24 Years (P0120010)</attrdef>
<attrdefs>U.S. Census Bureau</attrdefs>
<attrdomv>
<udom>Unique Value</udom>
</attrdomv>
</attr>
<attr>
<attrlabl>M_25_TO_29</attrlabl>
<attrdef>Number of Males in the Tract 25 to 29 Years (P0120011)</attrdef>
<attrdefs>U.S. Census Bureau</attrdefs>
<attrdomv>
<udom>Unique Value</udom>
</attrdomv>
</attr>
<attr>
<attrlabl>M_30_TO_34</attrlabl>
<attrdef>Number of Males in the Tract 30 to 34 Years (P0120012)</attrdef>
<attrdefs>U.S. Census Bureau</attrdefs>
<attrdomv>
<udom>Unique Value</udom>
</attrdomv>
</attr>
<attr>
<attrlabl>M_35_TO_39</attrlabl>
<attrdef>Number of Males in the Tract 35 to 39 Years (P0120013)</attrdef>
<attrdefs>U.S. Census Bureau</attrdefs>
<attrdomv>
<udom>Unique Value</udom>
</attrdomv>
</attr>
<attr>
<attrlabl>M_40_TO_44</attrlabl>
<attrdef>Number of Males in the Tract 40 to 44 Years (P0120014)</attrdef>
<attrdefs>U.S. Census Bureau</attrdefs>
<attrdomv>
<udom>Unique Value</udom>
</attrdomv>
</attr>
<attr>
<attrlabl>M_45_TO_49</attrlabl>
<attrdef>Number of Males in the Tract 45 to 49 Years (P0120015)</attrdef>
<attrdefs>U.S. Census Bureau</attrdefs>
<attrdomv>
<udom>Unique Value</udom>
</attrdomv>
</attr>
<attr>
<attrlabl>M_50_TO_54</attrlabl>
<attrdef>Number of Males in the Tract 50 to 54 Years (P0120016)</attrdef>
<attrdefs>U.S. Census Bureau</attrdefs>
<attrdomv>
<udom>Unique Value</udom>
</attrdomv>
</attr>
<attr>
<attrlabl>M_55_TO_59</attrlabl>
<attrdef>Number of Males in the Tract 55 to 59 Years (P0120017)</attrdef>
<attrdefs>U.S. Census Bureau</attrdefs>
<attrdomv>
<udom>Unique Value</udom>
</attrdomv>
</attr>
<attr>
<attrlabl>M_60_AND_6</attrlabl>
<attrdef>Number of Males in the Tract 60 or 61 Years (P0120018)</attrdef>
<attrdefs>U.S. Census Bureau</attrdefs>
<attrdomv>
<udom>Unique Value</udom>
</attrdomv>
</attr>
<attr>
<attrlabl>M_62_TO_64</attrlabl>
<attrdef>Number of Males in the Tract 62 to 64 Years (P0120019)</attrdef>
<attrdefs>U.S. Census Bureau</attrdefs>
<attrdomv>
<udom>Unique Value</udom>
</attrdomv>
</attr>
<attr>
<attrlabl>M_65_AND_6</attrlabl>
<attrdef>Number of Males in the Tract 65 or 66 Years (P0120020)</attrdef>
<attrdefs>U.S. Census Bureau</attrdefs>
<attrdomv>
<udom>Unique Value</udom>
</attrdomv>
</attr>
<attr>
<attrlabl>M_67_TO_69</attrlabl>
<attrdef>Number of Males in the Tract 67 to 69 Years (P0120021)</attrdef>
<attrdefs>U.S. Census Bureau</attrdefs>
<attrdomv>
<udom>Unique Value</udom>
</attrdomv>
</attr>
<attr>
<attrlabl>M_70_TO_74</attrlabl>
<attrdef>Number of Males in the Tract 70 to 74 Years (P0120022)</attrdef>
<attrdefs>U.S. Census Bureau</attrdefs>
<attrdomv>
<udom>Unique Value</udom>
</attrdomv>
</attr>
<attr>
<attrlabl>M_75_TO_79</attrlabl>
<attrdef>Number of Males in the Tract 75 to 79 Years (P0120023)</attrdef>
<attrdefs>U.S. Census Bureau</attrdefs>
<attrdomv>
<udom>Unique Value</udom>
</attrdomv>
</attr>
<attr>
<attrlabl>M_80_TO_84</attrlabl>
<attrdef>Number of Males in the Tract 80 to 84 Years (P0120024)</attrdef>
<attrdefs>U.S. Census Bureau</attrdefs>
<attrdomv>
<udom>Unique Value</udom>
</attrdomv>
</attr>
<attr>
<attrlabl>M_85_AND_O</attrlabl>
<attrdef>Number of Males in the Tract 85 Years and Over (P0120025)</attrdef>
<attrdefs>U.S. Census Bureau</attrdefs>
<attrdomv>
<udom>Unique Value</udom>
</attrdomv>
</attr>
<attr>
<attrlabl>FEMALE_TOT</attrlabl>
<attrdef>Total Number of Females in the Tract (P0120026)</attrdef>
<attrdefs>U.S. Census Bureau</attrdefs>
<attrdomv>
<udom>Unique Value</udom>
</attrdomv>
</attr>
<attr>
<attrlabl>F_UNDER_5</attrlabl>
<attrdef>Number of Females in the Tract under 5 Years (P0120027)</attrdef>
<attrdefs>U.S. Census Bureau</attrdefs>
<attrdomv>
<udom>Unique Value</udom>
</attrdomv>
</attr>
<attr>
<attrlabl>F_5_TO_9</attrlabl>
<attrdef>Number of Females in the Tract 5 to 9 Years (P0120028)</attrdef>
<attrdefs>U.S. Census Bureau</attrdefs>
<attrdomv>
<udom>Unique Value</udom>
</attrdomv>
</attr>
<attr>
<attrlabl>F_10_TO_14</attrlabl>
<attrdef>Number of Females in the Tract 10 to 14 Years (P0120029)</attrdef>
<attrdefs>U.S. Census Bureau</attrdefs>
<attrdomv>
<udom>Unique Value</udom>
</attrdomv>
</attr>
<attr>
<attrlabl>F_15_TO_17</attrlabl>
<attrdef>Number of Females in the Tract 15 to 17 Years (P0120030)</attrdef>
<attrdefs>U.S. Census Bureau</attrdefs>
<attrdomv>
<udom>Unique Value</udom>
</attrdomv>
</attr>
<attr>
<attrlabl>F_18_AND_1</attrlabl>
<attrdef>Number of Females in the Tract 18 or 19 Years (P0120031)</attrdef>
<attrdefs>U.S. Census Bureau</attrdefs>
<attrdomv>
<udom>Unique Value</udom>
</attrdomv>
</attr>
<attr>
<attrlabl>F_20</attrlabl>
<attrdef>Number of Females in the Tract 20 Years (P0120032)</attrdef>
<attrdefs>U.S. Census Bureau</attrdefs>
<attrdomv>
<udom>Unique Value</udom>
</attrdomv>
</attr>
<attr>
<attrlabl>F_21</attrlabl>
<attrdef>Number of Females in the Tract 21 Years (P0120033)</attrdef>
<attrdefs>U.S. Census Bureau</attrdefs>
<attrdomv>
<udom>Unique Value</udom>
</attrdomv>
</attr>
<attr>
<attrlabl>F_22_TO_24</attrlabl>
<attrdef>Number of Females in the Tract 22 to 24 Years (P0120034)</attrdef>
<attrdefs>U.S. Census Bureau</attrdefs>
<attrdomv>
<udom>Unique Value</udom>
</attrdomv>
</attr>
<attr>
<attrlabl>F_25_TO_29</attrlabl>
<attrdef>Number of Females in the Tract 25 to 29 Years (P0120035)</attrdef>
<attrdefs>U.S. Census Bureau</attrdefs>
<attrdomv>
<udom>Unique Value</udom>
</attrdomv>
</attr>
<attr>
<attrlabl>F_30_TO_34</attrlabl>
<attrdef>Number of Females in the Tract 30 to 34 Years (P0120036)</attrdef>
<attrdefs>U.S. Census Bureau</attrdefs>
<attrdomv>
<udom>Unique Value</udom>
</attrdomv>
</attr>
<attr>
<attrlabl>F_35_TO_39</attrlabl>
<attrdef>Number of Females in the Tract 35 to 39 Years (P0120037)</attrdef>
<attrdefs>U.S. Census Bureau</attrdefs>
<attrdomv>
<udom>Unique Value</udom>
</attrdomv>
</attr>
<attr>
<attrlabl>F_40_TO_44</attrlabl>
<attrdef>Number of Females in the Tract 40 to 44 Years (P0120038)</attrdef>
<attrdefs>U.S. Census Bureau</attrdefs>
<attrdomv>
<udom>Unique Value</udom>
</attrdomv>
</attr>
<attr>
<attrlabl>F_45_TO_49</attrlabl>
<attrdef>Number of Females in the Tract 45 to 49 Years (P0120039)</attrdef>
<attrdefs>U.S. Census Bureau</attrdefs>
<attrdomv>
<udom>Unique Value</udom>
</attrdomv>
</attr>
<attr>
<attrlabl>F_50_TO_54</attrlabl>
<attrdef>Number of Females in the Tract 50 to 54 Years (P0120040)</attrdef>
<attrdefs>U.S. Census Bureau</attrdefs>
<attrdomv>
<udom>Unique Value</udom>
</attrdomv>
</attr>
<attr>
<attrlabl>F_55_TO_59</attrlabl>
<attrdef>Number of Females in the Tract 55 to 59 Years (P0120041)</attrdef>
<attrdefs>U.S. Census Bureau</attrdefs>
<attrdomv>
<udom>Unique Value</udom>
</attrdomv>
</attr>
<attr>
<attrlabl>F_60_AND_6</attrlabl>
<attrdef>Number of Females in the Tract 60 or 61 Years (P0120042)</attrdef>
<attrdefs>U.S. Census Bureau</attrdefs>
<attrdomv>
<udom>Unique Value</udom>
</attrdomv>
</attr>
<attr>
<attrlabl>F_62_TO_64</attrlabl>
<attrdef>Number of Females in the Tract 62 to 64 Years (P0120043)</attrdef>
<attrdefs>U.S. Census Bureau</attrdefs>
<attrdomv>
<udom>Unique Value</udom>
</attrdomv>
</attr>
<attr>
<attrlabl>F_65_AND_6</attrlabl>
<attrdef>Number of Females in the Tract 65 or 66 Years (P0120044)</attrdef>
<attrdefs>U.S. Census Bureau</attrdefs>
<attrdomv>
<udom>Unique Value</udom>
</attrdomv>
</attr>
<attr>
<attrlabl>F_70_TO_74</attrlabl>
<attrdef>Number of Females in the Tract 70 to 74 Years (P0120046)</attrdef>
<attrdefs>U.S. Census Bureau</attrdefs>
<attrdomv>
<udom>Unique Value</udom>
</attrdomv>
</attr>
<attr>
<attrlabl>F_67_to_69</attrlabl>
<attrdef>Number of Females in the Tract 67 to 69  Years (P0120045)</attrdef>
<attrdefs>U.S. Census Bureau</attrdefs>
<attrdomv>
<udom>Unique Value</udom>
</attrdomv>
</attr>
<attr>
<attrlabl>F_75_TO_79</attrlabl>
<attrdef>Number of Females in the Tract 75 to 79 Years (P0120047)</attrdef>
<attrdefs>U.S. Census Bureau</attrdefs>
<attrdomv>
<udom>Unique Value</udom>
</attrdomv>
</attr>
<attr>
<attrlabl>F_80_TO_84</attrlabl>
<attrdef>Number of Females in the Tract 80 to 84 Years (P0120048)</attrdef>
<attrdefs>U.S. Census Bureau</attrdefs>
<attrdomv>
<udom>Unique Value</udom>
</attrdomv>
</attr>
<attr>
<attrlabl>F_85_AND_O</attrlabl>
<attrdef>Number of Females in the Tract 85 Years and Over (P0120049)</attrdef>
<attrdefs>U.S. Census Bureau</attrdefs>
<attrdomv>
<udom>Unique Value</udom>
</attrdomv>
</attr>
<attr>
<attrlabl>MED_AGE_MF</attrlabl>
<attrdef>Median Age of Males and Females in the Tract (P0130001)</attrdef>
<attrdefs>U.S. Census Bureau</attrdefs>
<attrdomv>
<udom>Unique Value</udom>
</attrdomv>
</attr>
<attr>
<attrlabl>MED_AGE_M</attrlabl>
<attrdef>Median Age of Males in the Tract (P0130002)</attrdef>
<attrdefs>U.S. Census Bureau</attrdefs>
<attrdomv>
<udom>Unique Value</udom>
</attrdomv>
</attr>
<attr>
<attrlabl>MED_AGE_F</attrlabl>
<attrdef>Median Age of Females in the Tract (P0130003)</attrdef>
<attrdefs>U.S. Census Bureau</attrdefs>
<attrdomv>
<udom>Unique Value</udom>
</attrdomv>
</attr>
<attr>
<attrlabl>HOUSEHOLDS</attrlabl>
<attrdef>Number of Households in the Tract (P0150001)</attrdef>
<attrdefs>U.S. Census Bureau</attrdefs>
<attrdomv>
<udom>Unique Value</udom>
</attrdomv>
</attr>
<attr>
<attrlabl>AVG_HH_SZ</attrlabl>
<attrdef>Average Household Size in the Tract (Number of People per Household) (P0170001)</attrdef>
<attrdefs>U.S. Census Bureau</attrdefs>
<attrdomv>
<udom>Unique Value</udom>
</attrdomv>
</attr>
<attr>
<attrlabl>HSEHLD_1_M</attrlabl>
<attrdef>Number of 1 Person Households, Male (P019003)</attrdef>
<attrdefs>U.S. Census Bureau</attrdefs>
<attrdomv>
<udom>Unique Value</udom>
</attrdomv>
</attr>
<attr>
<attrlabl>HSEHLD_1_F</attrlabl>
<attrdef>Number of 1 Person Households, Female (P019004)</attrdef>
<attrdefs>U.S. Census Bureau</attrdefs>
<attrdomv>
<udom>Unique Value</udom>
</attrdomv>
</attr>
<attr>
<attrlabl>FAMILIES</attrlabl>
<attrdef>Number of Family Households in Tract (P019006)</attrdef>
<attrdefs>U.S. Census Bureau</attrdefs>
<attrdomv>
<udom>Unique Value</udom>
</attrdomv>
</attr>
<attr>
<attrlabl>MARHH_CHIL</attrlabl>
<attrdef>Number of Households with Own Children Under 18 Years (P019008)</attrdef>
<attrdefs>U.S. Census Bureau</attrdefs>
<attrdomv>
<udom>Unique Value</udom>
</attrdomv>
</attr>
<attr>
<attrlabl>MARHH_NO_C</attrlabl>
<attrdef>Number of Households with No Children Under 18 Years (P019009)</attrdef>
<attrdefs>U.S. Census Bureau</attrdefs>
<attrdomv>
<udom>Unique Value</udom>
</attrdomv>
</attr>
<attr>
<attrlabl>MHH_CHILD</attrlabl>
<attrdef>Number of Households with Male Head of Household and Own Children Under 18 Years (P0190012)</attrdef>
<attrdefs>U.S. Census Bureau</attrdefs>
<attrdomv>
<udom>Unique Value</udom>
</attrdomv>
</attr>
<attr>
<attrlabl>FHH_CHILD</attrlabl>
<attrdef>Number of Households with Female Head of Household and Own Children Under 18 Years (P0190015)</attrdef>
<attrdefs>U.S. Census Bureau</attrdefs>
<attrdomv>
<udom>Unique Value</udom>
</attrdomv>
</attr>
<attr>
<attrlabl>MHH_NO_CHI</attrlabl>
<attrdef>Number of Households with Male Head of Household and No Children Under 18 Years (P0190013)</attrdef>
<attrdefs>U.S. Census Bureau</attrdefs>
<attrdomv>
<udom>Unique Value</udom>
</attrdomv>
</attr>
<attr>
<attrlabl>FHH_NO_CHI</attrlabl>
<attrdef>Number of Households with Female Head of Household and No Children Under 18 Years (P0190016)</attrdef>
<attrdefs>U.S. Census Bureau</attrdefs>
<attrdomv>
<udom>Unique Value</udom>
</attrdomv>
</attr>
<attr>
<attrlabl>NON_FAM_MF</attrlabl>
<attrdef>Number of Non-Family Households in the Tract (P0190017)</attrdef>
<attrdefs>U.S. Census Bureau</attrdefs>
<attrdomv>
<udom>Unique Value</udom>
</attrdomv>
</attr>
<attr>
<attrlabl>NON_FAM_MH</attrlabl>
<attrdef>Number of Non-Family Households With Male Head of Household (P0190018)</attrdef>
<attrdefs>U.S. Census Bureau</attrdefs>
<attrdomv>
<udom>Unique Value</udom>
</attrdomv>
</attr>
<attr>
<attrlabl>NON_FAM_FH</attrlabl>
<attrdef>Number of Non-Family Households With Female Head of Household (P0190019)</attrdef>
<attrdefs>U.S. Census Bureau</attrdefs>
<attrdomv>
<udom>Unique Value</udom>
</attrdomv>
</attr>
<attr>
<attrlabl>AVG_FAM_SZ</attrlabl>
<attrdef>Average Family Size within the Tract (P0370001)</attrdef>
<attrdefs>U.S. Census Bureau</attrdefs>
<attrdomv>
<udom>Unique Value</udom>
</attrdomv>
</attr>
<attr>
<attrlabl>HSE_UNITS</attrlabl>
<attrdef>Number of Housing Units in the Tract (H0030001)</attrdef>
<attrdefs>U.S. Census Bureau</attrdefs>
<attrdomv>
<udom>Unique Value</udom>
</attrdomv>
</attr>
<attr>
<attrlabl>HSE_UNIT_O</attrlabl>
<attrdef>Number of Occupied Housing Units in the Tract  (H0030002)</attrdef>
<attrdefs>U.S. Census Bureau</attrdefs>
<attrdomv>
<udom>Unique Value</udom>
</attrdomv>
</attr>
<attr>
<attrlabl>HSE_UNIT_V</attrlabl>
<attrdef>Number of Vacant Housing Units in the Tract (H0030003)</attrdef>
<attrdefs>U.S. Census Bureau</attrdefs>
<attrdomv>
<udom>Unique Value</udom>
</attrdomv>
</attr>
<attr>
<attrlabl>RENTER_OCC</attrlabl>
<attrdef>Number of Renter Occupied Housing Units in the Tract (H0040004)</attrdef>
<attrdefs>U.S. Census Bureau</attrdefs>
<attrdomv>
<udom>Unique Value</udom>
</attrdomv>
</attr>
<attr>
<attrlabl>OWNER_OCC</attrlabl>
<attrdef>Number of Owner Occupied Housing Units in the Tract (H0040004)</attrdef>
<attrdefs>U.S. Census Bureau</attrdefs>
<attrdomv>
<udom>Unique Value</udom>
</attrdomv>
</attr>
<attr>
<attrlabl>SHAPE</attrlabl>
<attrdef>Feature geometry.</attrdef>
<attrdefs>ESRI</attrdefs>
<attrdomv>
<udom>Coordinates defining the features.</udom>
</attrdomv>
</attr>
<attr>
<attrlabl>Shape_Length</attrlabl>
<attrdef>Length of feature in internal units.</attrdef>
<attrdefs>ESRI</attrdefs>
<attrdomv>
<udom>Positive real numbers that are automatically generated.</udom>
</attrdomv>
</attr>
<attr>
<attrlabl>SHAPE_AREA</attrlabl>
<attrdef>Area of feature in internal units squared.</attrdef>
<attrdefs>ESRI</attrdefs>
<attrdomv>
<udom>Positive real numbers that are automatically generated.</udom>
</attrdomv>
</attr>
</detailed>
<overview>
<eaover>Note: Attribute headings may be truncated in Shapefile format. Additionally, the attribute OBJECTID is changed to FID in the Shapefile format.</eaover>
<eadetcit>None</eadetcit>
</overview>
</eainfo>
<distinfo>
<distrib>
<cntinfo>
<cntorgp>
<cntorg>U.S. Department of Commerce, U.S. Census Bureau, Geography Division, Geographic Products Branch</cntorg>
</cntorgp>
<cntaddr>
<addrtype>mailing address</addrtype>
<address>4600 Silver Hill Road, Stop 7400</address>
<city>Washington</city>
<state>DC</state>
<postal>20233-7400</postal>
</cntaddr>
<cntvoice>301-763-1128</cntvoice>
<cntfax>301-763-4710</cntfax>
<cntemail>geo.tiger@census.gov</cntemail>
</cntinfo>
</distrib>
<resdesc>Downloadable Data</resdesc>
<distliab>No warranty, expressed or implied is made with regard to the accuracy of these data, and no liability is assumed by the U.S. Government in general or the U.S. Census Bureau in specific as to the spatial or attribute accuracy of the data.  The act of distribution shall not constitute any such warranty and no responsibility is assumed by the U.S. government in the use of these files.  The boundary information in the TIGER/Line Shapefiles is for statistical data collection and tabulation purposes only; their depiction and designation for statistical purposes do not constitute a determination of jurisdictional authority or rights of ownership or entitlement and they are not legal land descriptions.</distliab>
<stdorder>
<digform>
<digtinfo>
<formname>TGRSHP (compressed)</formname>
<filedec>PK-ZIP, version 1.93 A or higher</filedec>
<transize>7.228</transize>
</digtinfo>
<digtopt>
<onlinopt>
<computer>
<networka>
<networkr>http://www.census.gov/geo/www/tiger</networkr>
</networka>
</computer>
</onlinopt>
<offoptn>
<offmedia>DVD-ROM (Only if offered offline)</offmedia>
<recfmt>ISO 9660</recfmt>
</offoptn>
</digtopt>
</digform>
<fees>The online copy of the TIGER/Line files may be accessed without charge.</fees>
<ordering>To obtain more information about ordering TIGER/Line shapefiles visit http://www.census.gov/geo/www/tiger</ordering>
</stdorder>
<techpreq>The TIGER/Line shapefiles contain geographic data only and do not include display mapping software or statistical data.  For information on how to use the TIGER/Line shapefile data with specific software package users shall contact the company that produced the software.</techpreq>
</distinfo>
<metainfo>
<metd>20140804</metd>
<metc>
<cntinfo>
<cntorgp>
<cntorg>U.S. Department of Commerce, U.S. Census Bureau, Geography Division, Geographic Products Branch</cntorg>
</cntorgp>
<cntaddr>
<addrtype>mailing address</addrtype>
<address>4600 Silver Hill Road, Stop 7400</address>
<city>Washington</city>
<state>DC</state>
<postal>20233-7400</postal>
</cntaddr>
<cntvoice>301-763-1128</cntvoice>
<cntfax>301-763-4710</cntfax>
<cntemail>geo.tiger@census.gov</cntemail>
</cntinfo>
</metc>
<metstdn>FGDC Content Standards for Digital Geospatial Metadata</metstdn>
<metstdv>FGDC-STD-001-1998</metstdv>
<mettc>local time</mettc>
</metainfo>
</metadata>
